run,outcome,enteredDigits,readyToInputMS,observedToInputMS,observedToConfirmedMS,toolEnvelopeMS,inputToConfirmationMS
1,confirmed,6,118.63462499968591,213.24591699976736,574.9160000004849,1385,361.67008300071757
2,confirmed,6,119.2081250001138,221.39141699972242,572.6481250003417,1385,351.25670800061926
3,confirmed,6,137.98629099983373,273.6032909997448,617.9061250004452,1149,344.3028340007004
4,confirmed,6,105.03112500009593,227.55524999956833,595.5652499997086,1394,368.0100000001403
5,confirmed,6,113.25666699940484,209.1997089992219,563.0961669994576,1150,353.8964580002357
6,confirmed,6,155.82029200049874,270.97150000008696,606.28829199959,1148,335.31679199950304
7,confirmed,6,123.53016599990951,272.7530000001934,646.1425840006996,1119,373.38958400050615
8,confirmed,6,155.3369160001239,262.43116600016947,604.217707999851,1124,341.7865419996815
9,confirmed,6,145.37949999976263,247.18891700013046,616.6135420007777,1410,369.4246250006472
10,confirmed,6,120.92991700046696,235.6490420006594,595.0917090003713,1140,359.44266699971195
11,confirmed,6,137.71474999975908,254.9501670000609,597.1554170000672,1157,342.20525000000634
12,confirmed,6,128.94870800028002,237.46558299990284,592.6634999996168,1135,355.1979169997139
13,confirmed,6,137.24866600023233,206.97241600009875,559.7118329997102,1157,352.7394169996114
14,confirmed,6,126.7080839998016,243.86704199969245,595.1644579999993,1151,351.29741600030684
15,confirmed,6,158.09679200083337,272.29220800018084,620.3765410000415,1133,348.08433299986064
16,confirmed,6,112.85145900001226,225.44941700016352,584.8421250002502,1150,359.3927080000867
17,confirmed,6,136.26120900062233,237.10237500017683,598.1419999998252,1159,361.03962499964837
18,confirmed,6,117.37437499959924,232.03254100008053,578.6456249998082,1425,346.6130839997277
19,confirmed,6,129.55370799954835,233.33999999977095,570.9308330006024,1126,337.5908330008315
20,confirmed,6,137.52116700015904,258.25937500030705,618.2862919995387,1392,360.0269169992316
21,confirmed,6,113.15449999983684,179.0212079995399,523.8082500000019,1135,344.78704200046195
22,confirmed,6,129.09470799968403,238.2311249994018,576.521999999386,1393,338.2908749999842
23,confirmed,6,139.13370800037228,241.09674999999697,583.5337079997771,1142,342.43695799978013
24,confirmed,6,155.8788749998712,232.6043329994718,581.4500829992539,1142,348.84574999978213
25,confirmed,6,148.70574999986275,253.97208300000784,590.0463749994742,1385,336.07429199946637
26,confirmed,6,121.48991699996259,233.99908400006098,580.7523749999746,1415,346.7532909999136
27,confirmed,6,136.90870800019184,260.91408299998875,597.2054579997348,1118,336.29137499974604
28,confirmed,6,129.10850000025675,237.44075000013254,597.1921660002408,1158,359.7514160001083
29,confirmed,6,134.76912500027538,241.87341700053366,654.9092920004114,1142,413.0358749998777
30,confirmed,6,130.28241600022739,255.24637499984237,591.2985420000041,1392,336.0521670001617
